30,Justas 914
30,Yellow Speedo
30,Freddy Flax
30,SAFA 26
30,Hubba
30,poulli
30,SuDrAn
30,Smika
30,LuismilM
30,grund z
30,Fildic
30,ItsLinnaa
30,joki101
30,Pikachu
30,RRGM
30,Walker0316
30,Marv x
30,Aegirrr
30,Qoro
30,Subtill
30,yespa31
30,Nickv101
30,Apa azert iszik mert
30,Toni Montano
30,gülserenn
30,Locopuff
30,Tristarr
30,Tkssc
30,Luison III
30,DonPony
29,Justas 914
29,Hubba
29,Freddy Flax
29,Locopuff
29,Subtill
29,Pikachu
29,MONSTER6g
29,poulli
29,Apa azert iszik mert
29,joki101
29,LuismilM
29,ItsLinnaa
29,SergeantLoki
29,Vehaboman
29,CrniSoko
29,Ubke
29,Mayak Echo
29,just Vik
29,Michael Breizh
29,Walker0316
29,SAFA 26
29,grund z
29,Marv x
29,Smika
29,ShiMer
29,Luison III
29,Neytirisa
29,xTc Neeko
29,MattmanForever
29,yespa31
28,Pikachu
28,ItsLinnaa
28,Freddy Flax
28,SergeantLoki
28,Locopuff
28,Fildic
28,Béarn
28,RRGM
28,Hubba
28,Yellow Speedo
28,poulli
28,Justas 914
28,Smika
28,LianneS
28,gülserenn
28,Maugan97
28,Mayak Echo
28,Nickv101
28,LuismilM
28,xTc Neeko
28,Vehaboman
28,Walker0316
28,Subtill
28,SAFA 26
28,joki101
28,otto9due
28,SuDrAn
28,Apa azert iszik mert
28,Qoro
28,Testplay
27,Pikachu
27,Freddy Flax
27,ItsLinnaa
27,Qoro
27,SAFA 26
27,Fildic
27,Yellow Speedo
27,SergeantLoki
27,Hubba
27,LuismilM
27,Michael Breizh
27,Tkssc
27,grund z
27,Aegirrr
27,poulli
27,MONSTER6g
27,19Chappers93
27,Smika
27,Mayak Echo
27,Nickv101
27,Béarn
27,ShiMer
27,CrniSoko
27,Walker0316
27,LianneS
27,yespa31
27,Justas 914
27,Testplay
27,Annas7592
27,Marv x